[{
        "日期": "2023年01月01日",
        "天气状况": "阴/阴",
        "最低气温/最高气温": "-2℃/5℃",
        "风力风向(夜间/白天)": "北风1-2级/北风1-2级"
    },
    {
        "日期": "2023年01月02日",
        "天气状况": "多云/多云",
        "最低气温/最高气温": "-4℃/5℃",
        "风力风向(夜间/白天)": "北风1-2级/南风1-2级"
    },
    {
        "日期": "2023年01月03日",
        "天气状况": "晴/多云",
        "最低气温/最高气温": "-4℃/8℃",
        "风力风向(夜间/白天)": "南风3-4级/北风3-4级"
    },
    {
        "日期": "2023年01月04日",
        "天气状况": "阴/阴",
        "最低气温/最高气温": "-3℃/5℃",
        "风力风向(夜间/白天)": "北风3-4级/北风1-2级"
    },
    {
        "日期": "2023年01月05日",
        "天气状况": "多云/晴",
        "最低气温/最高气温": "-3℃/7℃",
        "风力风向(夜间/白天)": "南风3-4级/西南风3-4级"
    },
    {
        "日期": "2023年01月06日",
        "天气状况": "晴/晴",
        "最低气温/最高气温": "-2℃/12℃",
        "风力风向(夜间/白天)": "南风3-4级/南风1-2级"
    },
    {
        "日期": "2023年01月07日",
        "天气状况": "晴/多云",
        "最低气温/最高气温": "-4℃/13℃",
        "风力风向(夜间/白天)": "东南风1-2级/北风1-2级"
    },
    {
        "日期": "2023年01月08日",
        "天气状况": "晴/晴",
        "最低气温/最高气温": "0℃/11℃",
        "风力风向(夜间/白天)": "北风3-4级/北风3-4级"
    },
    {
        "日期": "2023年01月09日",
        "天气状况": "晴/晴",
        "最低气温/最高气温": "-4℃/8℃",
        "风力风向(夜间/白天)": "北风3-4级/北风3-4级"
    },
    {
        "日期": "2023年01月10日",
        "天气状况": "晴/多云",
        "最低气温/最高气温": "-1℃/7℃",
        "风力风向(夜间/白天)": "南风3-4级/南风1-2级"
    },
    {
        "日期": "2023年01月11日",
        "天气状况": "晴/多云",
        "最低气温/最高气温": "0℃/10℃",
        "风力风向(夜间/白天)": "南风3-4级/北风1-2级"
    },
    {
        "日期": "2023年01月12日",
        "天气状况": "小雨/阴",
        "最低气温/最高气温": "1℃/6℃",
        "风力风向(夜间/白天)": "北风3-4级/北风3-4级"
    },
    {
        "日期": "2023年01月13日",
        "天气状况": "多云/中雪",
        "最低气温/最高气温": "-2℃/9℃",
        "风力风向(夜间/白天)": "北风3-4级/北风3-4级"
    },
    {
        "日期": "2023年01月14日",
        "天气状况": "小雪/阴",
        "最低气温/最高气温": "-7℃/1℃",
        "风力风向(夜间/白天)": "北风3-4级/北风3-4级"
    },
    {
        "日期": "2023年01月15日",
        "天气状况": "多云/晴",
        "最低气温/最高气温": "-8℃/0℃",
        "风力风向(夜间/白天)": "南风3-4级/北风1-2级"
    },
    {
        "日期": "2023年01月16日",
        "天气状况": "多云/多云",
        "最低气温/最高气温": "-6℃/3℃",
        "风力风向(夜间/白天)": "南风3-4级/南风3-4级"
    },
    {
        "日期": "2023年01月17日",
        "天气状况": "多云/晴",
        "最低气温/最高气温": "-7℃/6℃",
        "风力风向(夜间/白天)": "南风1-2级/西南风1-2级"
    },
    {
        "日期": "2023年01月18日",
        "天气状况": "晴/阴",
        "最低气温/最高气温": "-4℃/6℃",
        "风力风向(夜间/白天)": "南风3-4级/西南风3-4级"
    },
    {
        "日期": "2023年01月19日",
        "天气状况": "晴/晴",
        "最低气温/最高气温": "-5℃/9℃",
        "风力风向(夜间/白天)": "北风3-4级/东北风3-4级"
    },
    {
        "日期": "2023年01月20日",
        "天气状况": "阴/晴",
        "最低气温/最高气温": "-5℃/2℃",
        "风力风向(夜间/白天)": "南风3-4级/南风3-4级"
    },
    {
        "日期": "2023年01月21日",
        "天气状况": "阴/小雨",
        "最低气温/最高气温": "-2℃/6℃",
        "风力风向(夜间/白天)": "南风3-4级/北风1-2级"
    },
    {
        "日期": "2023年01月22日",
        "天气状况": "多云/阴",
        "最低气温/最高气温": "-1℃/7℃",
        "风力风向(夜间/白天)": "东风3-4级/北风3-4级"
    },
    {
        "日期": "2023年01月23日",
        "天气状况": "多云/晴",
        "最低气温/最高气温": "-9℃/3℃",
        "风力风向(夜间/白天)": "东北风3-4级/北风3-4级"
    },
    {
        "日期": "2023年01月24日",
        "天气状况": "晴/多云",
        "最低气温/最高气温": "-8℃/-4℃",
        "风力风向(夜间/白天)": "东南风1-2级/南风3-4级"
    },
    {
        "日期": "2023年01月25日",
        "天气状况": "晴/多云",
        "最低气温/最高气温": "-6℃/1℃",
        "风力风向(夜间/白天)": "南风3-4级/南风3-4级"
    },
    {
        "日期": "2023年01月26日",
        "天气状况": "多云/晴",
        "最低气温/最高气温": "-8℃/1℃",
        "风力风向(夜间/白天)": "北风3-4级/北风1-2级"
    },
    {
        "日期": "2023年01月27日",
        "天气状况": "晴/晴",
        "最低气温/最高气温": "-9℃/4℃",
        "风力风向(夜间/白天)": "北风3-4级/西南风1-2级"
    },
    {
        "日期": "2023年01月28日",
        "天气状况": "晴/晴",
        "最低气温/最高气温": "-4℃/7℃",
        "风力风向(夜间/白天)": "南风3-4级/西南风3-4级"
    },
    {
        "日期": "2023年01月29日",
        "天气状况": "晴/晴",
        "最低气温/最高气温": "-3℃/12℃",
        "风力风向(夜间/白天)": "南风1-2级/南风3-4级"
    },
    {
        "日期": "2023年01月30日",
        "天气状况": "晴/阴",
        "最低气温/最高气温": "-1℃/12℃",
        "风力风向(夜间/白天)": "南风1-2级/南风3-4级"
    },
    {
        "日期": "2023年01月31日",
        "天气状况": "晴/阴",
        "最低气温/最高气温": "0℃/12℃",
        "风力风向(夜间/白天)": "北风3-4级/北风3-4级"
    },
    {
        "日期": "2023年02月01日",
        "天气状况": "阴/阴",
        "最低气温/最高气温": "-2℃/4℃",
        "风力风向(夜间/白天)": "北风3-4级/北风1-2级"
    },
    {
        "日期": "2023年02月02日",
        "天气状况": "阴/晴",
        "最低气温/最高气温": "-3℃/4℃",
        "风力风向(夜间/白天)": "南风3-4级/南风3-4级"
    },
    {
        "日期": "2023年02月03日",
        "天气状况": "多云/多云",
        "最低气温/最高气温": "-3℃/9℃",
        "风力风向(夜间/白天)": "南风3-4级/北风1-2级"
    },
    {
        "日期": "2023年02月04日",
        "天气状况": "晴/晴",
        "最低气温/最高气温": "-1℃/11℃",
        "风力风向(夜间/白天)": "南风1-2级/南风3-4级"
    },
    {
        "日期": "2023年02月05日",
        "天气状况": "多云/多云",
        "最低气温/最高气温": "0℃/12℃",
        "风力风向(夜间/白天)": "南风3-4级/南风3-4级"
    },
    {
        "日期": "2023年02月06日",
        "天气状况": "多云/多云",
        "最低气温/最高气温": "-2℃/10℃",
        "风力风向(夜间/白天)": "北风3-4级/北风3-4级"
    },
    {
        "日期": "2023年02月07日",
        "天气状况": "阴/阴",
        "最低气温/最高气温": "1℃/11℃",
        "风力风向(夜间/白天)": "东南风1-2级/北风3-4级"
    },
    {
        "日期": "2023年02月08日",
        "天气状况": "阴/雨夹雪",
        "最低气温/最高气温": "1℃/8℃",
        "风力风向(夜间/白天)": "北风3-4级/北风3-4级"
    },
    {
        "日期": "2023年02月09日",
        "天气状况": "阴/晴",
        "最低气温/最高气温": "-2℃/6℃",
        "风力风向(夜间/白天)": "南风1-2级/南风1-2级"
    },
    {
        "日期": "2023年02月10日",
        "天气状况": "阴/阴",
        "最低气温/最高气温": "0℃/9℃",
        "风力风向(夜间/白天)": "南风3-4级/南风1-2级"
    },
    {
        "日期": "2023年02月11日",
        "天气状况": "阴/小雨",
        "最低气温/最高气温": "2℃/6℃",
        "风力风向(夜间/白天)": "南风1-2级/东北风3-4级"
    },
    {
        "日期": "2023年02月12日",
        "天气状况": "小雨/雨夹雪",
        "最低气温/最高气温": "0℃/4℃",
        "风力风向(夜间/白天)": "北风3-4级/北风3-4级"
    },
    {
        "日期": "2023年02月13日",
        "天气状况": "阴/多云",
        "最低气温/最高气温": "-3℃/5℃",
        "风力风向(夜间/白天)": "北风3-4级/北风1-2级"
    },
    {
        "日期": "2023年02月14日",
        "天气状况": "阴/晴",
        "最低气温/最高气温": "-3℃/6℃",
        "风力风向(夜间/白天)": "东风1-2级/北风1-2级"
    },
    {
        "日期": "2023年02月15日",
        "天气状况": "晴/多云",
        "最低气温/最高气温": "-2℃/8℃",
        "风力风向(夜间/白天)": "南风1-2级/南风3-4级"
    },
    {
        "日期": "2023年02月16日",
        "天气状况": "多云/多云",
        "最低气温/最高气温": "0℃/11℃",
        "风力风向(夜间/白天)": "南风3-4级/南风3-4级"
    },
    {
        "日期": "2023年02月17日",
        "天气状况": "多云/阴",
        "最低气温/最高气温": "1℃/12℃",
        "风力风向(夜间/白天)": "南风3-4级/南风1-2级"
    },
    {
        "日期": "2023年02月18日",
        "天气状况": "阴/多云",
        "最低气温/最高气温": "-1℃/15℃",
        "风力风向(夜间/白天)": "西北风3-4级/北风3-4级"
    },
    {
        "日期": "2023年02月19日",
        "天气状况": "晴/晴",
        "最低气温/最高气温": "0℃/12℃",
        "风力风向(夜间/白天)": "南风3-4级/北风3-4级"
    },
    {
        "日期": "2023年02月20日",
        "天气状况": "多云/阴",
        "最低气温/最高气温": "-1℃/11℃",
        "风力风向(夜间/白天)": "北风3-4级/北风1-2级"
    },
    {
        "日期": "2023年02月21日",
        "天气状况": "多云/阴",
        "最低气温/最高气温": "0℃/9℃",
        "风力风向(夜间/白天)": "东南风1-2级/南风3-4级"
    },
    {
        "日期": "2023年02月22日",
        "天气状况": "多云/阴",
        "最低气温/最高气温": "0℃/8℃",
        "风力风向(夜间/白天)": "南风3-4级/南风3-4级"
    },
    {
        "日期": "2023年02月23日",
        "天气状况": "阴/晴",
        "最低气温/最高气温": "0℃/11℃",
        "风力风向(夜间/白天)": "南风3-4级/南风3-4级"
    },
    {
        "日期": "2023年02月24日",
        "天气状况": "阴/多云",
        "最低气温/最高气温": "0℃/9℃",
        "风力风向(夜间/白天)": "北风3-4级/北风3-4级"
    },
    {
        "日期": "2023年02月25日",
        "天气状况": "多云/晴",
        "最低气温/最高气温": "0℃/9℃",
        "风力风向(夜间/白天)": "南风1-2级/南风3-4级"
    },
    {
        "日期": "2023年02月26日",
        "天气状况": "晴/晴",
        "最低气温/最高气温": "0℃/12℃",
        "风力风向(夜间/白天)": "南风3-4级/南风3-4级"
    },
    {
        "日期": "2023年02月27日",
        "天气状况": "晴/阴",
        "最低气温/最高气温": "3℃/13℃",
        "风力风向(夜间/白天)": "南风3-4级/南风3-4级"
    },
    {
        "日期": "2023年02月28日",
        "天气状况": "阴/阴",
        "最低气温/最高气温": "4℃/17℃",
        "风力风向(夜间/白天)": "北风3-4级/北风3-4级"
    },
    {
        "日期": "2023年03月01日",
        "天气状况": "多云/晴",
        "最低气温/最高气温": "0℃/15℃",
        "风力风向(夜间/白天)": "东北风3-4级/北风1-2级"
    },
    {
        "日期": "2023年03月02日",
        "天气状况": "晴/阴",
        "最低气温/最高气温": "4℃/15℃",
        "风力风向(夜间/白天)": "南风3-4级/西南风3-4级"
    },
    {
        "日期": "2023年03月03日",
        "天气状况": "多云/晴",
        "最低气温/最高气温": "4℃/20℃",
        "风力风向(夜间/白天)": "北风1-2级/西北风1-2级"
    },
    {
        "日期": "2023年03月04日",
        "天气状况": "晴/晴",
        "最低气温/最高气温": "4℃/21℃",
        "风力风向(夜间/白天)": "南风1-2级/西南风1-2级"
    },
    {
        "日期": "2023年03月05日",
        "天气状况": "晴/晴",
        "最低气温/最高气温": "7℃/23℃",
        "风力风向(夜间/白天)": "南风3-4级/西南风3-4级"
    },
    {
        "日期": "2023年03月06日",
        "天气状况": "多云/晴",
        "最低气温/最高气温": "9℃/24℃",
        "风力风向(夜间/白天)": "南风1-2级/北风3-4级"
    },
    {
        "日期": "2023年03月07日",
        "天气状况": "晴/阴",
        "最低气温/最高气温": "10℃/26℃",
        "风力风向(夜间/白天)": "南风3-4级/西南风3-4级"
    },
    {
        "日期": "2023年03月08日",
        "天气状况": "晴/晴",
        "最低气温/最高气温": "7℃/23℃",
        "风力风向(夜间/白天)": "东北风3-4级/西南风1-2级"
    },
    {
        "日期": "2023年03月09日",
        "天气状况": "晴/晴",
        "最低气温/最高气温": "11℃/27℃",
        "风力风向(夜间/白天)": "西南风3-4级/西南风3-4级"
    },
    {
        "日期": "2023年03月10日",
        "天气状况": "多云/阴",
        "最低气温/最高气温": "10℃/28℃",
        "风力风向(夜间/白天)": "西南风3-4级/北风4-5级"
    },
    {
        "日期": "2023年03月11日",
        "天气状况": "多云/多云",
        "最低气温/最高气温": "5℃/15℃",
        "风力风向(夜间/白天)": "北风4-5级/北风3-4级"
    },
    {
        "日期": "2023年03月12日",
        "天气状况": "晴/晴",
        "最低气温/最高气温": "2℃/11℃",
        "风力风向(夜间/白天)": "南风3-4级/南风3-4级"
    },
    {
        "日期": "2023年03月13日",
        "天气状况": "多云/晴",
        "最低气温/最高气温": "8℃/18℃",
        "风力风向(夜间/白天)": "西南风3-4级/南风3-4级"
    },
    {
        "日期": "2023年03月14日",
        "天气状况": "晴/多云",
        "最低气温/最高气温": "6℃/26℃",
        "风力风向(夜间/白天)": "南风3-4级/北风3-4级"
    },
    {
        "日期": "2023年03月15日",
        "天气状况": "阴/阴",
        "最低气温/最高气温": "4℃/12℃",
        "风力风向(夜间/白天)": "东北风3-4级/东风1-2级"
    },
    {
        "日期": "2023年03月16日",
        "天气状况": "小雨/小雨",
        "最低气温/最高气温": "1℃/8℃",
        "风力风向(夜间/白天)": "北风1-2级/北风1-2级"
    },
    {
        "日期": "2023年03月17日",
        "天气状况": "多云/多云",
        "最低气温/最高气温": "1℃/10℃",
        "风力风向(夜间/白天)": "南风3-4级/南风1-2级"
    },
    {
        "日期": "2023年03月18日",
        "天气状况": "阴/多云",
        "最低气温/最高气温": "3℃/12℃",
        "风力风向(夜间/白天)": "东南风1-2级/南风3-4级"
    },
    {
        "日期": "2023年03月19日",
        "天气状况": "晴/多云",
        "最低气温/最高气温": "4℃/16℃",
        "风力风向(夜间/白天)": "南风3-4级/南风3-4级"
    },
    {
        "日期": "2023年03月20日",
        "天气状况": "阴/多云",
        "最低气温/最高气温": "5℃/16℃",
        "风力风向(夜间/白天)": "南风3-4级/南风1-2级"
    },
    {
        "日期": "2023年03月21日",
        "天气状况": "多云/多云",
        "最低气温/最高气温": "7℃/19℃",
        "风力风向(夜间/白天)": "南风3-4级/西南风1-2级"
    },
    {
        "日期": "2023年03月22日",
        "天气状况": "阴/阴",
        "最低气温/最高气温": "7℃/17℃",
        "风力风向(夜间/白天)": "北风3-4级/北风3-4级"
    },
    {
        "日期": "2023年03月23日",
        "天气状况": "阴/阴",
        "最低气温/最高气温": "8℃/14℃",
        "风力风向(夜间/白天)": "北风3-4级/北风3-4级"
    },
    {
        "日期": "2023年03月24日",
        "天气状况": "阴/阴",
        "最低气温/最高气温": "5℃/15℃",
        "风力风向(夜间/白天)": "东南风1-2级/南风3-4级"
    },
    {
        "日期": "2023年03月25日",
        "天气状况": "阴/多云",
        "最低气温/最高气温": "4℃/16℃",
        "风力风向(夜间/白天)": "北风3-4级/北风3-4级"
    },
    {
        "日期": "2023年03月26日",
        "天气状况": "多云/晴",
        "最低气温/最高气温": "5℃/16℃",
        "风力风向(夜间/白天)": "南风3-4级/西南风3-4级"
    },
    {
        "日期": "2023年03月27日",
        "天气状况": "晴/多云",
        "最低气温/最高气温": "7℃/21℃",
        "风力风向(夜间/白天)": "东南风1-2级/南风3-4级"
    },
    {
        "日期": "2023年03月28日",
        "天气状况": "阴/多云",
        "最低气温/最高气温": "8℃/22℃",
        "风力风向(夜间/白天)": "南风3-4级/南风3-4级"
    },
    {
        "日期": "2023年03月29日",
        "天气状况": "晴/多云",
        "最低气温/最高气温": "7℃/22℃",
        "风力风向(夜间/白天)": "南风3-4级/南风1-2级"
    },
    {
        "日期": "2023年03月30日",
        "天气状况": "多云/阴",
        "最低气温/最高气温": "9℃/23℃",
        "风力风向(夜间/白天)": "南风3-4级/南风1-2级"
    },
    {
        "日期": "2023年03月31日",
        "天气状况": "晴/多云",
        "最低气温/最高气温": "9℃/20℃",
        "风力风向(夜间/白天)": "南风3-4级/南风1-2级"
    },
    {
        "日期": "2023年04月01日",
        "天气状况": "多云/多云",
        "最低气温/最高气温": "10℃/23℃",
        "风力风向(夜间/白天)": "南风3-4级/南风1-2级"
    },
    {
        "日期": "2023年04月02日",
        "天气状况": "多云/中雨",
        "最低气温/最高气温": "12℃/23℃",
        "风力风向(夜间/白天)": "东南风3-4级/东北风3-4级"
    },
    {
        "日期": "2023年04月03日",
        "天气状况": "中雨/中雨",
        "最低气温/最高气温": "7℃/12℃",
        "风力风向(夜间/白天)": "东北风3-4级/北风3-4级"
    },
    {
        "日期": "2023年04月04日",
        "天气状况": "小雨/多云",
        "最低气温/最高气温": "7℃/9℃",
        "风力风向(夜间/白天)": "北风4-5级/北风3-4级"
    },
    {
        "日期": "2023年04月05日",
        "天气状况": "多云/阴",
        "最低气温/最高气温": "7℃/16℃",
        "风力风向(夜间/白天)": "北风1-2级/西南风3-4级"
    },
    {
        "日期": "2023年04月06日",
        "天气状况": "晴/晴",
        "最低气温/最高气温": "5℃/18℃",
        "风力风向(夜间/白天)": "北风3-4级/北风3-4级"
    },
    {
        "日期": "2023年04月07日",
        "天气状况": "多云/多云",
        "最低气温/最高气温": "3℃/15℃",
        "风力风向(夜间/白天)": "东南风1-2级/西风1-2级"
    },
    {
        "日期": "2023年04月08日",
        "天气状况": "多云/晴",
        "最低气温/最高气温": "10℃/18℃",
        "风力风向(夜间/白天)": "南风3-4级/南风3-4级"
    },
    {
        "日期": "2023年04月09日",
        "天气状况": "晴/多云",
        "最低气温/最高气温": "12℃/24℃",
        "风力风向(夜间/白天)": "西南风3-4级/西南风3-4级"
    },
    {
        "日期": "2023年04月10日",
        "天气状况": "多云/阴",
        "最低气温/最高气温": "16℃/25℃",
        "风力风向(夜间/白天)": "南风3-4级/北风3-4级"
    },
    {
        "日期": "2023年04月11日",
        "天气状况": "多云/晴",
        "最低气温/最高气温": "9℃/21℃",
        "风力风向(夜间/白天)": "东北风3-4级/南风1-2级"
    },
    {
        "日期": "2023年04月12日",
        "天气状况": "阴/阴",
        "最低气温/最高气温": "13℃/23℃",
        "风力风向(夜间/白天)": "南风3-4级/南风3-4级"
    },
    {
        "日期": "2023年04月13日",
        "天气状况": "小雨/多云",
        "最低气温/最高气温": "12℃/25℃",
        "风力风向(夜间/白天)": "南风3-4级/北风3-4级"
    },
    {
        "日期": "2023年04月14日",
        "天气状况": "多云/晴",
        "最低气温/最高气温": "9℃/23℃",
        "风力风向(夜间/白天)": "北风3-4级/西南风3-4级"
    },
    {
        "日期": "2023年04月15日",
        "天气状况": "多云/多云",
        "最低气温/最高气温": "7℃/26℃",
        "风力风向(夜间/白天)": "北风3-4级/北风1-2级"
    },
    {
        "日期": "2023年04月16日",
        "天气状况": "多云/阴",
        "最低气温/最高气温": "12℃/21℃",
        "风力风向(夜间/白天)": "南风3-4级/南风1-2级"
    },
    {
        "日期": "2023年04月17日",
        "天气状况": "阴/阴",
        "最低气温/最高气温": "14℃/28℃",
        "风力风向(夜间/白天)": "南风1-2级/北风3-4级"
    },
    {
        "日期": "2023年04月18日",
        "天气状况": "多云/晴",
        "最低气温/最高气温": "12℃/24℃",
        "风力风向(夜间/白天)": "北风3-4级/北风3-4级"
    },
    {
        "日期": "2023年04月19日",
        "天气状况": "晴/晴",
        "最低气温/最高气温": "18℃/28℃",
        "风力风向(夜间/白天)": "南风3-4级/南风3-4级"
    },
    {
        "日期": "2023年04月20日",
        "天气状况": "阴/小雨",
        "最低气温/最高气温": "11℃/24℃",
        "风力风向(夜间/白天)": "北风4-5级/北风3-4级"
    },
    {
        "日期": "2023年04月21日",
        "天气状况": "阴/小雨",
        "最低气温/最高气温": "4℃/14℃",
        "风力风向(夜间/白天)": "北风3-4级/北风3-4级"
    },
    {
        "日期": "2023年04月22日",
        "天气状况": "小雨/小雨",
        "最低气温/最高气温": "3℃/8℃",
        "风力风向(夜间/白天)": "北风3-4级/北风3-4级"
    },
    {
        "日期": "2023年04月23日",
        "天气状况": "小雨/中雨",
        "最低气温/最高气温": "4℃/7℃",
        "风力风向(夜间/白天)": "北风3-4级/北风3-4级"
    },
    {
        "日期": "2023年04月24日",
        "天气状况": "小雨/阴",
        "最低气温/最高气温": "6℃/11℃",
        "风力风向(夜间/白天)": "北风3-4级/西南风3-4级"
    },
    {
        "日期": "2023年04月25日",
        "天气状况": "晴/晴",
        "最低气温/最高气温": "9℃/21℃",
        "风力风向(夜间/白天)": "南风1-2级/北风3-4级"
    },
    {
        "日期": "2023年04月26日",
        "天气状况": "晴/多云",
        "最低气温/最高气温": "12℃/21℃",
        "风力风向(夜间/白天)": "南风3-4级/南风3-4级"
    },
    {
        "日期": "2023年04月27日",
        "天气状况": "晴/阴",
        "最低气温/最高气温": "14℃/24℃",
        "风力风向(夜间/白天)": "南风3-4级/北风3-4级"
    },
    {
        "日期": "2023年04月28日",
        "天气状况": "多云/阴",
        "最低气温/最高气温": "9℃/25℃",
        "风力风向(夜间/白天)": "西北风3-4级/西北风3-4级"
    },
    {
        "日期": "2023年04月29日",
        "天气状况": "晴/晴",
        "最低气温/最高气温": "11℃/24℃",
        "风力风向(夜间/白天)": "西南风3-4级/西南风3-4级"
    },
    {
        "日期": "2023年04月30日",
        "天气状况": "晴/晴",
        "最低气温/最高气温": "10℃/23℃",
        "风力风向(夜间/白天)": "东北风3-4级/南风1-2级"
    },
    {
        "日期": "2023年05月01日",
        "天气状况": "多云/阴",
        "最低气温/最高气温": "15℃/27℃",
        "风力风向(夜间/白天)": "南风3-4级/南风3-4级"
    },
    {
        "日期": "2023年05月02日",
        "天气状况": "阴/小雨",
        "最低气温/最高气温": "15℃/26℃",
        "风力风向(夜间/白天)": "南风3-4级/南风3-4级"
    },
    {
        "日期": "2023年05月03日",
        "天气状况": "小雨/中雨",
        "最低气温/最高气温": "17℃/22℃",
        "风力风向(夜间/白天)": "东北风1-2级/北风3-4级"
    },
    {
        "日期": "2023年05月04日",
        "天气状况": "小雨/多云",
        "最低气温/最高气温": "13℃/18℃",
        "风力风向(夜间/白天)": "北风3-4级/北风3-4级"
    },
    {
        "日期": "2023年05月05日",
        "天气状况": "阴/阴",
        "最低气温/最高气温": "13℃/19℃",
        "风力风向(夜间/白天)": "北风3-4级/北风3-4级"
    },
    {
        "日期": "2023年05月06日",
        "天气状况": "小雨/小雨",
        "最低气温/最高气温": "12℃/17℃",
        "风力风向(夜间/白天)": "北风3-4级/北风3-4级"
    },
    {
        "日期": "2023年05月07日",
        "天气状况": "晴/多云",
        "最低气温/最高气温": "10℃/22℃",
        "风力风向(夜间/白天)": "北风3-4级/北风1-2级"
    },
    {
        "日期": "2023年05月08日",
        "天气状况": "多云/阴",
        "最低气温/最高气温": "10℃/23℃",
        "风力风向(夜间/白天)": "东南风1-2级/西南风1-2级"
    },
    {
        "日期": "2023年05月09日",
        "天气状况": "阴/阴",
        "最低气温/最高气温": "13℃/22℃",
        "风力风向(夜间/白天)": "东南风1-2级/南风1-2级"
    },
    {
        "日期": "2023年05月10日",
        "天气状况": "阴/晴",
        "最低气温/最高气温": "11℃/23℃",
        "风力风向(夜间/白天)": "南风1-2级/西南风1-2级"
    },
    {
        "日期": "2023年05月11日",
        "天气状况": "多云/多云",
        "最低气温/最高气温": "11℃/24℃",
        "风力风向(夜间/白天)": "西南风3-4级/南风3-4级"
    },
    {
        "日期": "2023年05月12日",
        "天气状况": "多云/晴",
        "最低气温/最高气温": "15℃/29℃",
        "风力风向(夜间/白天)": "西南风3-4级/北风3-4级"
    },
    {
        "日期": "2023年05月13日",
        "天气状况": "多云/晴",
        "最低气温/最高气温": "17℃/27℃",
        "风力风向(夜间/白天)": "南风3-4级/西南风3-4级"
    },
    {
        "日期": "2023年05月14日",
        "天气状况": "多云/晴",
        "最低气温/最高气温": "14℃/33℃",
        "风力风向(夜间/白天)": "西南风3-4级/西南风1-2级"
    },
    {
        "日期": "2023年05月15日",
        "天气状况": "晴/阴",
        "最低气温/最高气温": "20℃/34℃",
        "风力风向(夜间/白天)": "南风3-4级/南风3-4级"
    },
    {
        "日期": "2023年05月16日",
        "天气状况": "阴/多云",
        "最低气温/最高气温": "18℃/31℃",
        "风力风向(夜间/白天)": "南风3-4级/南风3-4级"
    },
    {
        "日期": "2023年05月17日",
        "天气状况": "小雨/阴",
        "最低气温/最高气温": "18℃/31℃",
        "风力风向(夜间/白天)": "北风1-2级/北风3-4级"
    },
    {
        "日期": "2023年05月18日",
        "天气状况": "晴/晴",
        "最低气温/最高气温": "16℃/26℃",
        "风力风向(夜间/白天)": "东北风3-4级/南风3-4级"
    },
    {
        "日期": "2023年05月19日",
        "天气状况": "多云/晴",
        "最低气温/最高气温": "19℃/30℃",
        "风力风向(夜间/白天)": "南风3-4级/南风3-4级"
    },
    {
        "日期": "2023年05月20日",
        "天气状况": "多云/小雨",
        "最低气温/最高气温": "17℃/26℃",
        "风力风向(夜间/白天)": "北风3-4级/北风3-4级"
    },
    {
        "日期": "2023年05月21日",
        "天气状况": "小雨/小雨",
        "最低气温/最高气温": "11℃/20℃",
        "风力风向(夜间/白天)": "北风3-4级/西南风1-2级"
    },
    {
        "日期": "2023年05月22日",
        "天气状况": "多云/多云",
        "最低气温/最高气温": "12℃/25℃",
        "风力风向(夜间/白天)": "东北风3-4级/西风1-2级"
    },
    {
        "日期": "2023年05月23日",
        "天气状况": "阴/多云",
        "最低气温/最高气温": "14℃/26℃",
        "风力风向(夜间/白天)": "南风3-4级/南风3-4级"
    },
    {
        "日期": "2023年05月24日",
        "天气状况": "晴/多云",
        "最低气温/最高气温": "15℃/25℃",
        "风力风向(夜间/白天)": "南风3-4级/南风3-4级"
    },
    {
        "日期": "2023年05月25日",
        "天气状况": "阴/多云",
        "最低气温/最高气温": "15℃/26℃",
        "风力风向(夜间/白天)": "南风3-4级/南风3-4级"
    },
    {
        "日期": "2023年05月26日",
        "天气状况": "多云/小雨",
        "最低气温/最高气温": "19℃/29℃",
        "风力风向(夜间/白天)": "东南风1-2级/北风1-2级"
    },
    {
        "日期": "2023年05月27日",
        "天气状况": "小雨/中雨",
        "最低气温/最高气温": "16℃/22℃",
        "风力风向(夜间/白天)": "北风3-4级/北风3-4级"
    },
    {
        "日期": "2023年05月28日",
        "天气状况": "小雨/小雨",
        "最低气温/最高气温": "17℃/21℃",
        "风力风向(夜间/白天)": "北风3-4级/北风3-4级"
    },
    {
        "日期": "2023年05月29日",
        "天气状况": "阴/小雨",
        "最低气温/最高气温": "18℃/25℃",
        "风力风向(夜间/白天)": "东北风3-4级/北风3-4级"
    },
    {
        "日期": "2023年05月30日",
        "天气状况": "小雨/多云",
        "最低气温/最高气温": "17℃/24℃",
        "风力风向(夜间/白天)": "北风1-2级/北风1-2级"
    },
    {
        "日期": "2023年05月31日",
        "天气状况": "小雨/多云",
        "最低气温/最高气温": "16℃/26℃",
        "风力风向(夜间/白天)": "南风3-4级/西南风1-2级"
    },
    {
        "日期": "2023年06月01日",
        "天气状况": "晴/多云",
        "最低气温/最高气温": "19℃/30℃",
        "风力风向(夜间/白天)": "西南风1-2级/北风3-4级"
    },
    {
        "日期": "2023年06月02日",
        "天气状况": "阴/阴",
        "最低气温/最高气温": "16℃/26℃",
        "风力风向(夜间/白天)": "北风3-4级/西南风1-2级"
    },
    {
        "日期": "2023年06月03日",
        "天气状况": "阴/阴",
        "最低气温/最高气温": "18℃/25℃",
        "风力风向(夜间/白天)": "西南风1-2级/西南风3-4级"
    },
    {
        "日期": "2023年06月04日",
        "天气状况": "阴/多云",
        "最低气温/最高气温": "15℃/23℃",
        "风力风向(夜间/白天)": "南风3-4级/西南风1-2级"
    },
    {
        "日期": "2023年06月05日",
        "天气状况": "阴/晴",
        "最低气温/最高气温": "15℃/27℃",
        "风力风向(夜间/白天)": "南风3-4级/南风3-4级"
    },
    {
        "日期": "2023年06月06日",
        "天气状况": "阴/阴",
        "最低气温/最高气温": "21℃/32℃",
        "风力风向(夜间/白天)": "北风3-4级/西南风3-4级"
    },
    {
        "日期": "2023年06月07日",
        "天气状况": "阴/多云",
        "最低气温/最高气温": "22℃/33℃",
        "风力风向(夜间/白天)": "西南风3-4级/西风3-4级"
    },
    {
        "日期": "2023年06月08日",
        "天气状况": "晴/晴",
        "最低气温/最高气温": "17℃/35℃",
        "风力风向(夜间/白天)": "南风3-4级/西南风3-4级"
    },
    {
        "日期": "2023年06月09日",
        "天气状况": "晴/晴",
        "最低气温/最高气温": "18℃/37℃",
        "风力风向(夜间/白天)": "东风1-2级/北风3-4级"
    },
    {
        "日期": "2023年06月10日",
        "天气状况": "晴/多云",
        "最低气温/最高气温": "18℃/33℃",
        "风力风向(夜间/白天)": "东北风3-4级/西风1-2级"
    },
    {
        "日期": "2023年06月11日",
        "天气状况": "多云/阵雨",
        "最低气温/最高气温": "19℃/34℃",
        "风力风向(夜间/白天)": "北风1-2级/北风1-2级"
    },
    {
        "日期": "2023年06月12日",
        "天气状况": "小雨/晴",
        "最低气温/最高气温": "18℃/32℃",
        "风力风向(夜间/白天)": "北风1-2级/西北风1-2级"
    },
    {
        "日期": "2023年06月13日",
        "天气状况": "多云/晴",
        "最低气温/最高气温": "19℃/33℃",
        "风力风向(夜间/白天)": "东北风1-2级/西北风1-2级"
    },
    {
        "日期": "2023年06月14日",
        "天气状况": "晴/晴",
        "最低气温/最高气温": "21℃/37℃",
        "风力风向(夜间/白天)": "南风3-4级/南风1-2级"
    },
    {
        "日期": "2023年06月15日",
        "天气状况": "阴/阴",
        "最低气温/最高气温": "23℃/39℃",
        "风力风向(夜间/白天)": "西南风3-4级/南风3-4级"
    },
    {
        "日期": "2023年06月16日",
        "天气状况": "多云/阴",
        "最低气温/最高气温": "25℃/35℃",
        "风力风向(夜间/白天)": "南风3-4级/西南风1-2级"
    },
    {
        "日期": "2023年06月17日",
        "天气状况": "小雨/晴",
        "最低气温/最高气温": "19℃/29℃",
        "风力风向(夜间/白天)": "西南风3-4级/西南风1-2级"
    },
    {
        "日期": "2023年06月18日",
        "天气状况": "小雨/小雨",
        "最低气温/最高气温": "22℃/28℃",
        "风力风向(夜间/白天)": "东风1-2级/南风1-2级"
    },
    {
        "日期": "2023年06月19日",
        "天气状况": "小雨/多云",
        "最低气温/最高气温": "21℃/30℃",
        "风力风向(夜间/白天)": "东北风1-2级/东风1-2级"
    },
    {
        "日期": "2023年06月20日",
        "天气状况": "多云/阴",
        "最低气温/最高气温": "23℃/34℃",
        "风力风向(夜间/白天)": "南风1-2级/西北风1-2级"
    },
    {
        "日期": "2023年06月21日",
        "天气状况": "多云/晴",
        "最低气温/最高气温": "20℃/37℃",
        "风力风向(夜间/白天)": "北风1-2级/西南风1-2级"
    },
    {
        "日期": "2023年06月22日",
        "天气状况": "晴/晴",
        "最低气温/最高气温": "24℃/38℃",
        "风力风向(夜间/白天)": "南风3-4级/西南风3-4级"
    },
    {
        "日期": "2023年06月23日",
        "天气状况": "晴/多云",
        "最低气温/最高气温": "22℃/38℃",
        "风力风向(夜间/白天)": "南风3-4级/西南风1-2级"
    },
    {
        "日期": "2023年06月24日",
        "天气状况": "晴/多云",
        "最低气温/最高气温": "23℃/38℃",
        "风力风向(夜间/白天)": "东南风3-4级/南风1-2级"
    },
    {
        "日期": "2023年06月25日",
        "天气状况": "阴/多云",
        "最低气温/最高气温": "20℃/35℃",
        "风力风向(夜间/白天)": "东南风3-4级/西南风1-2级"
    },
    {
        "日期": "2023年06月26日",
        "天气状况": "多云/晴",
        "最低气温/最高气温": "25℃/37℃",
        "风力风向(夜间/白天)": "南风3-4级/南风3-4级"
    },
    {
        "日期": "2023年06月27日",
        "天气状况": "多云/阴",
        "最低气温/最高气温": "27℃/38℃",
        "风力风向(夜间/白天)": "南风3-4级/南风3-4级"
    },
    {
        "日期": "2023年06月28日",
        "天气状况": "小雨/小雨",
        "最低气温/最高气温": "24℃/36℃",
        "风力风向(夜间/白天)": "南风3-4级/北风3-4级"
    },
    {
        "日期": "2023年06月29日",
        "天气状况": "晴/晴",
        "最低气温/最高气温": "23℃/35℃",
        "风力风向(夜间/白天)": "东北风1-2级/南风1-2级"
    },
    {
        "日期": "2023年06月30日",
        "天气状况": "晴/阴",
        "最低气温/最高气温": "23℃/38℃",
        "风力风向(夜间/白天)": "南风1-2级/南风3-4级"
    },
    {
        "日期": "2023年07月01日",
        "天气状况": "阴/阴",
        "最低气温/最高气温": "24℃/37℃",
        "风力风向(夜间/白天)": "南风3-4级/南风3-4级"
    },
    {
        "日期": "2023年07月02日",
        "天气状况": "阴/小雨",
        "最低气温/最高气温": "25℃/37℃",
        "风力风向(夜间/白天)": "南风3-4级/南风1-2级"
    },
    {
        "日期": "2023年07月03日",
        "天气状况": "中雨/小雨",
        "最低气温/最高气温": "23℃/31℃",
        "风力风向(夜间/白天)": "东南风3-4级/西北风1-2级"
    },
    {
        "日期": "2023年07月04日",
        "天气状况": "多云/晴",
        "最低气温/最高气温": "23℃/36℃",
        "风力风向(夜间/白天)": "北风3-4级/西南风1-2级"
    },
    {
        "日期": "2023年07月05日",
        "天气状况": "多云/多云",
        "最低气温/最高气温": "24℃/38℃",
        "风力风向(夜间/白天)": "西南风3-4级/南风3-4级"
    },
    {
        "日期": "2023年07月06日",
        "天气状况": "多云/晴",
        "最低气温/最高气温": "24℃/39℃",
        "风力风向(夜间/白天)": "南风3-4级/南风3-4级"
    },
    {
        "日期": "2023年07月07日",
        "天气状况": "晴/晴",
        "最低气温/最高气温": "24℃/41℃",
        "风力风向(夜间/白天)": "南风3-4级/西北风1-2级"
    },
    {
        "日期": "2023年07月08日",
        "天气状况": "晴/晴",
        "最低气温/最高气温": "25℃/41℃",
        "风力风向(夜间/白天)": "北风1-2级/西北风1-2级"
    },
    {
        "日期": "2023年07月09日",
        "天气状况": "多云/晴",
        "最低气温/最高气温": "24℃/37℃",
        "风力风向(夜间/白天)": "西南风3-4级/南风3-4级"
    },
    {
        "日期": "2023年07月10日",
        "天气状况": "多云/多云",
        "最低气温/最高气温": "25℃/39℃",
        "风力风向(夜间/白天)": "南风3-4级/南风3-4级"
    },
    {
        "日期": "2023年07月11日",
        "天气状况": "小雨/暴雨",
        "最低气温/最高气温": "23℃/36℃",
        "风力风向(夜间/白天)": "南风3-4级/西北风1-2级"
    },
    {
        "日期": "2023年07月12日",
        "天气状况": "中雨/小雨",
        "最低气温/最高气温": "25℃/32℃",
        "风力风向(夜间/白天)": "南风3-4级/北风1-2级"
    },
    {
        "日期": "2023年07月13日",
        "天气状况": "小雨/阴",
        "最低气温/最高气温": "25℃/30℃",
        "风力风向(夜间/白天)": "西南风1-2级/西南风1-2级"
    },
    {
        "日期": "2023年07月14日",
        "天气状况": "多云/多云",
        "最低气温/最高气温": "25℃/36℃",
        "风力风向(夜间/白天)": "南风3-4级/北风1-2级"
    },
    {
        "日期": "2023年07月15日",
        "天气状况": "多云/晴",
        "最低气温/最高气温": "23℃/35℃",
        "风力风向(夜间/白天)": "东北风3-4级/北风1-2级"
    },
    {
        "日期": "2023年07月16日",
        "天气状况": "晴/晴",
        "最低气温/最高气温": "21℃/36℃",
        "风力风向(夜间/白天)": "东南风1-2级/西南风1-2级"
    },
    {
        "日期": "2023年07月17日",
        "天气状况": "晴/晴",
        "最低气温/最高气温": "23℃/36℃",
        "风力风向(夜间/白天)": "东风3-4级/东南风1-2级"
    },
    {
        "日期": "2023年07月18日",
        "天气状况": "晴/晴",
        "最低气温/最高气温": "22℃/34℃",
        "风力风向(夜间/白天)": "东南风1-2级/南风1-2级"
    },
    {
        "日期": "2023年07月19日",
        "天气状况": "多云/多云",
        "最低气温/最高气温": "23℃/33℃",
        "风力风向(夜间/白天)": "南风1-2级/南风1-2级"
    },
    {
        "日期": "2023年07月20日",
        "天气状况": "小雨/大雨",
        "最低气温/最高气温": "25℃/35℃",
        "风力风向(夜间/白天)": "南风1-2级/东南风1-2级"
    },
    {
        "日期": "2023年07月21日",
        "天气状况": "小雨/小雨",
        "最低气温/最高气温": "22℃/30℃",
        "风力风向(夜间/白天)": "南风3-4级/东南风1-2级"
    },
    {
        "日期": "2023年07月22日",
        "天气状况": "阴/晴",
        "最低气温/最高气温": "23℃/32℃",
        "风力风向(夜间/白天)": "东北风1-2级/西南风1-2级"
    },
    {
        "日期": "2023年07月23日",
        "天气状况": "晴/晴",
        "最低气温/最高气温": "19℃/34℃",
        "风力风向(夜间/白天)": "东南风1-2级/南风1-2级"
    },
    {
        "日期": "2023年07月24日",
        "天气状况": "小雨/多云",
        "最低气温/最高气温": "25℃/35℃",
        "风力风向(夜间/白天)": "南风3-4级/南风1-2级"
    },
    {
        "日期": "2023年07月25日",
        "天气状况": "中雨/多云",
        "最低气温/最高气温": "23℃/34℃",
        "风力风向(夜间/白天)": "东南风3-4级/东南风1-2级"
    },
    {
        "日期": "2023年07月26日",
        "天气状况": "多云/阴",
        "最低气温/最高气温": "23℃/33℃",
        "风力风向(夜间/白天)": "东南风1-2级/东南风1-2级"
    },
    {
        "日期": "2023年07月27日",
        "天气状况": "多云/多云",
        "最低气温/最高气温": "24℃/34℃",
        "风力风向(夜间/白天)": "东南风1-2级/东南风1-2级"
    },
    {
        "日期": "2023年07月28日",
        "天气状况": "小雨/大雨",
        "最低气温/最高气温": "22℃/32℃",
        "风力风向(夜间/白天)": "北风3-4级/北风3-4级"
    },
    {
        "日期": "2023年07月29日",
        "天气状况": "暴雨/暴雨",
        "最低气温/最高气温": "23℃/27℃",
        "风力风向(夜间/白天)": "北风3-4级/东北风3-4级"
    },
    {
        "日期": "2023年07月30日",
        "天气状况": "中雨/小雨",
        "最低气温/最高气温": "24℃/28℃",
        "风力风向(夜间/白天)": "南风3-4级/东南风1-2级"
    },
    {
        "日期": "2023年07月31日",
        "天气状况": "中雨/中雨",
        "最低气温/最高气温": "24℃/29℃",
        "风力风向(夜间/白天)": "南风1-2级/东北风1-2级"
    },
    {
        "日期": "2023年08月01日",
        "天气状况": "暴雨/小雨",
        "最低气温/最高气温": "24℃/28℃",
        "风力风向(夜间/白天)": "南风1-2级/南风1-2级"
    },
    {
        "日期": "2023年08月02日",
        "天气状况": "小雨/晴",
        "最低气温/最高气温": "25℃/32℃",
        "风力风向(夜间/白天)": "南风3-4级/南风3-4级"
    },
    {
        "日期": "2023年08月03日",
        "天气状况": "晴/晴",
        "最低气温/最高气温": "25℃/33℃",
        "风力风向(夜间/白天)": "南风3-4级/南风3-4级"
    },
    {
        "日期": "2023年08月04日",
        "天气状况": "晴/晴",
        "最低气温/最高气温": "26℃/33℃",
        "风力风向(夜间/白天)": "南风3-4级/南风1-2级"
    },
    {
        "日期": "2023年08月05日",
        "天气状况": "小雨/中雨",
        "最低气温/最高气温": "25℃/33℃",
        "风力风向(夜间/白天)": "北风1-2级/北风3-4级"
    },
    {
        "日期": "2023年08月06日",
        "天气状况": "晴/晴",
        "最低气温/最高气温": "22℃/31℃",
        "风力风向(夜间/白天)": "北风3-4级/北风1-2级"
    },
    {
        "日期": "2023年08月07日",
        "天气状况": "多云/多云",
        "最低气温/最高气温": "23℃/31℃",
        "风力风向(夜间/白天)": "东北风1-2级/北风1-2级"
    },
    {
        "日期": "2023年08月08日",
        "天气状况": "多云/多云",
        "最低气温/最高气温": "23℃/31℃",
        "风力风向(夜间/白天)": "东北风1-2级/北风1-2级"
    },
    {
        "日期": "2023年08月09日",
        "天气状况": "多云/晴",
        "最低气温/最高气温": "23℃/31℃",
        "风力风向(夜间/白天)": "东北风1-2级/北风3-4级"
    },
    {
        "日期": "2023年08月10日",
        "天气状况": "晴/晴",
        "最低气温/最高气温": "22℃/31℃",
        "风力风向(夜间/白天)": "北风3-4级/西南风1-2级"
    },
    {
        "日期": "2023年08月11日",
        "天气状况": "阴/中雨",
        "最低气温/最高气温": "24℃/33℃",
        "风力风向(夜间/白天)": "南风3-4级/南风3-4级"
    },
    {
        "日期": "2023年08月12日",
        "天气状况": "中雨/多云",
        "最低气温/最高气温": "21℃/30℃",
        "风力风向(夜间/白天)": "北风1-2级/北风1-2级"
    },
    {
        "日期": "2023年08月13日",
        "天气状况": "晴/晴",
        "最低气温/最高气温": "22℃/31℃",
        "风力风向(夜间/白天)": "东风1-2级/东风1-2级"
    },
    {
        "日期": "2023年08月14日",
        "天气状况": "晴/多云",
        "最低气温/最高气温": "21℃/31℃",
        "风力风向(夜间/白天)": "东风1-2级/西北风1-2级"
    },
    {
        "日期": "2023年08月15日",
        "天气状况": "多云/晴",
        "最低气温/最高气温": "22℃/31℃",
        "风力风向(夜间/白天)": "南风1-2级/西南风1-2级"
    },
    {
        "日期": "2023年08月16日",
        "天气状况": "晴/晴",
        "最低气温/最高气温": "23℃/32℃",
        "风力风向(夜间/白天)": "南风1-2级/南风1-2级"
    },
    {
        "日期": "2023年08月17日",
        "天气状况": "多云/多云",
        "最低气温/最高气温": "24℃/34℃",
        "风力风向(夜间/白天)": "南风1-2级/南风1-2级"
    },
    {
        "日期": "2023年08月18日",
        "天气状况": "小雨/多云",
        "最低气温/最高气温": "23℃/32℃",
        "风力风向(夜间/白天)": "北风1-2级/南风1-2级"
    },
    {
        "日期": "2023年08月19日",
        "天气状况": "小雨/阴",
        "最低气温/最高气温": "23℃/32℃",
        "风力风向(夜间/白天)": "东南风微风级/北风微风级"
    },
    {
        "日期": "2023年08月20日",
        "天气状况": "小雨/小雨",
        "最低气温/最高气温": "22℃/28℃",
        "风力风向(夜间/白天)": "北风微风级/南风微风级"
    },
    {
        "日期": "2023年08月21日",
        "天气状况": "晴/晴",
        "最低气温/最高气温": "22℃/31℃",
        "风力风向(夜间/白天)": "南风微风级/西南风微风级"
    },
    {
        "日期": "2023年08月22日",
        "天气状况": "多云/多云",
        "最低气温/最高气温": "21℃/31℃",
        "风力风向(夜间/白天)": "北风微风级/北风微风级"
    },
    {
        "日期": "2023年08月23日",
        "天气状况": "小雨/中雨",
        "最低气温/最高气温": "20℃/31℃",
        "风力风向(夜间/白天)": "南风1-3级/北风1-3级"
    },
    {
        "日期": "2023年08月24日",
        "天气状况": "小雨/晴",
        "最低气温/最高气温": "19℃/28℃",
        "风力风向(夜间/白天)": "东北风1-3级/北风1-3级"
    },
    {
        "日期": "2023年08月25日",
        "天气状况": "阴/阴",
        "最低气温/最高气温": "20℃/29℃",
        "风力风向(夜间/白天)": "东南风1-3级/北风1-3级"
    },
    {
        "日期": "2023年08月26日",
        "天气状况": "中雨/暴雨",
        "最低气温/最高气温": "19℃/23℃",
        "风力风向(夜间/白天)": "北风1-3级/北风1-3级"
    },
    {
        "日期": "2023年08月27日",
        "天气状况": "小雨/晴",
        "最低气温/最高气温": "17℃/22℃",
        "风力风向(夜间/白天)": "北风1-3级/北风1-3级"
    },
    {
        "日期": "2023年08月28日",
        "天气状况": "晴/晴",
        "最低气温/最高气温": "15℃/26℃",
        "风力风向(夜间/白天)": "北风1-3级/北风1-3级"
    },
    {
        "日期": "2023年08月29日",
        "天气状况": "晴/晴",
        "最低气温/最高气温": "17℃/28℃",
        "风力风向(夜间/白天)": "北风1-3级/西南风1-3级"
    },
    {
        "日期": "2023年08月30日",
        "天气状况": "晴/晴",
        "最低气温/最高气温": "19℃/28℃",
        "风力风向(夜间/白天)": "南风1-3级/南风1-3级"
    },
    {
        "日期": "2023年08月31日",
        "天气状况": "多云/阴",
        "最低气温/最高气温": "19℃/31℃",
        "风力风向(夜间/白天)": "南风1-3级/南风1-3级"
    },
    {
        "日期": "2023年09月01日",
        "天气状况": "小雨/阴",
        "最低气温/最高气温": "19℃/28℃",
        "风力风向(夜间/白天)": "北风1-3级/北风1-3级"
    },
    {
        "日期": "2023年09月02日",
        "天气状况": "多云/晴",
        "最低气温/最高气温": "20℃/30℃",
        "风力风向(夜间/白天)": "南风1-3级/西南风1-3级"
    },
    {
        "日期": "2023年09月03日",
        "天气状况": "晴/晴",
        "最低气温/最高气温": "19℃/31℃",
        "风力风向(夜间/白天)": "南风1-3级/西南风1-3级"
    },
    {
        "日期": "2023年09月04日",
        "天气状况": "晴/晴",
        "最低气温/最高气温": "22℃/31℃",
        "风力风向(夜间/白天)": "南风1-3级/北风1-3级"
    },
    {
        "日期": "2023年09月05日",
        "天气状况": "多云/多云",
        "最低气温/最高气温": "22℃/31℃",
        "风力风向(夜间/白天)": "东北风1-3级/北风1-3级"
    },
    {
        "日期": "2023年09月06日",
        "天气状况": "晴/晴",
        "最低气温/最高气温": "19℃/31℃",
        "风力风向(夜间/白天)": "东北风1-3级/北风1-3级"
    },
    {
        "日期": "2023年09月07日",
        "天气状况": "晴/晴",
        "最低气温/最高气温": "19℃/32℃",
        "风力风向(夜间/白天)": "南风1-3级/南风1-3级"
    },
    {
        "日期": "2023年09月08日",
        "天气状况": "多云/多云",
        "最低气温/最高气温": "19℃/32℃",
        "风力风向(夜间/白天)": "南风1-3级/南风1-3级"
    },
    {
        "日期": "2023年09月09日",
        "天气状况": "小雨/暴雨",
        "最低气温/最高气温": "21℃/31℃",
        "风力风向(夜间/白天)": "南风1-3级/北风1-3级"
    },
    {
        "日期": "2023年09月10日",
        "天气状况": "小雨/阴",
        "最低气温/最高气温": "20℃/27℃",
        "风力风向(夜间/白天)": "东北风1-3级/南风1-3级"
    },
    {
        "日期": "2023年09月11日",
        "天气状况": "阴/小雨",
        "最低气温/最高气温": "19℃/29℃",
        "风力风向(夜间/白天)": "南风1-3级/北风1-3级"
    },
    {
        "日期": "2023年09月12日",
        "天气状况": "小雨/多云",
        "最低气温/最高气温": "19℃/26℃",
        "风力风向(夜间/白天)": "北风1-3级/北风1-3级"
    },
    {
        "日期": "2023年09月13日",
        "天气状况": "多云/晴",
        "最低气温/最高气温": "17℃/27℃",
        "风力风向(夜间/白天)": "东北风1-3级/北风1-3级"
    },
    {
        "日期": "2023年09月14日",
        "天气状况": "晴/晴",
        "最低气温/最高气温": "16℃/28℃",
        "风力风向(夜间/白天)": "东南风1-3级/西南风1-3级"
    },
    {
        "日期": "2023年09月15日",
        "天气状况": "晴/晴",
        "最低气温/最高气温": "17℃/29℃",
        "风力风向(夜间/白天)": "南风1-3级/南风1-3级"
    },
    {
        "日期": "2023年09月16日",
        "天气状况": "多云/晴",
        "最低气温/最高气温": "18℃/30℃",
        "风力风向(夜间/白天)": "南风1-3级/南风1-3级"
    },
    {
        "日期": "2023年09月17日",
        "天气状况": "多云/小雨",
        "最低气温/最高气温": "21℃/31℃",
        "风力风向(夜间/白天)": "南风1-3级/南风1-3级"
    },
    {
        "日期": "2023年09月18日",
        "天气状况": "多云/小雨",
        "最低气温/最高气温": "21℃/31℃",
        "风力风向(夜间/白天)": "南风1-3级/西南风1-3级"
    },
    {
        "日期": "2023年09月19日",
        "天气状况": "中雨/小雨",
        "最低气温/最高气温": "16℃/22℃",
        "风力风向(夜间/白天)": "北风3-4级/北风3-4级"
    },
    {
        "日期": "2023年09月20日",
        "天气状况": "多云/阴",
        "最低气温/最高气温": "16℃/26℃",
        "风力风向(夜间/白天)": "北风1-3级/西北风1-3级"
    },
    {
        "日期": "2023年09月21日",
        "天气状况": "晴/多云",
        "最低气温/最高气温": "15℃/26℃",
        "风力风向(夜间/白天)": "南风1-3级/西南风1-3级"
    },
    {
        "日期": "2023年09月22日",
        "天气状况": "晴/晴",
        "最低气温/最高气温": "18℃/26℃",
        "风力风向(夜间/白天)": "南风1-3级/北风1-3级"
    },
    {
        "日期": "2023年09月23日",
        "天气状况": "小雨/小雨",
        "最低气温/最高气温": "18℃/22℃",
        "风力风向(夜间/白天)": "北风1-3级/北风1-3级"
    },
    {
        "日期": "2023年09月24日",
        "天气状况": "小雨/小雨",
        "最低气温/最高气温": "14℃/19℃",
        "风力风向(夜间/白天)": "北风1-3级/北风1-3级"
    },
    {
        "日期": "2023年09月25日",
        "天气状况": "小雨/多云",
        "最低气温/最高气温": "15℃/22℃",
        "风力风向(夜间/白天)": "南风1-3级/南风1-3级"
    },
    {
        "日期": "2023年09月26日",
        "天气状况": "小雨/多云",
        "最低气温/最高气温": "16℃/24℃",
        "风力风向(夜间/白天)": "南风1-3级/西南风1-3级"
    },
    {
        "日期": "2023年09月27日",
        "天气状况": "小雨/多云",
        "最低气温/最高气温": "15℃/21℃",
        "风力风向(夜间/白天)": "南风1-3级/西南风1-3级"
    },
    {
        "日期": "2023年09月28日",
        "天气状况": "阴/小雨",
        "最低气温/最高气温": "14℃/27℃",
        "风力风向(夜间/白天)": "东北风1-3级/南风1-3级"
    },
    {
        "日期": "2023年09月29日",
        "天气状况": "阵雨/晴",
        "最低气温/最高气温": "16℃/25℃",
        "风力风向(夜间/白天)": "南风1-3级/北风1-3级"
    },
    {
        "日期": "2023年09月30日",
        "天气状况": "阴/晴",
        "最低气温/最高气温": "11℃/23℃",
        "风力风向(夜间/白天)": "北风1-3级/西北风1-3级"
    },
    {
        "日期": "2023年10月01日",
        "天气状况": "阴/小雨",
        "最低气温/最高气温": "11℃/23℃",
        "风力风向(夜间/白天)": "南风1-3级/南风1-3级"
    },
    {
        "日期": "2023年10月02日",
        "天气状况": "阴/多云",
        "最低气温/最高气温": "14℃/23℃",
        "风力风向(夜间/白天)": "南风1-3级/西南风1-3级"
    },
    {
        "日期": "2023年10月03日",
        "天气状况": "晴/阴",
        "最低气温/最高气温": "14℃/24℃",
        "风力风向(夜间/白天)": "南风1-3级/南风1-3级"
    },
    {
        "日期": "2023年10月04日",
        "天气状况": "阴/阴",
        "最低气温/最高气温": "16℃/25℃",
        "风力风向(夜间/白天)": "北风1-3级/北风1-3级"
    },
    {
        "日期": "2023年10月05日",
        "天气状况": "阴/阴",
        "最低气温/最高气温": "15℃/18℃",
        "风力风向(夜间/白天)": "北风1-3级/北风1-3级"
    },
    {
        "日期": "2023年10月06日",
        "天气状况": "阴/阴",
        "最低气温/最高气温": "13℃/20℃",
        "风力风向(夜间/白天)": "南风1-3级/南风1-3级"
    },
    {
        "日期": "2023年10月07日",
        "天气状况": "晴/晴",
        "最低气温/最高气温": "11℃/22℃",
        "风力风向(夜间/白天)": "南风1-3级/南风1-3级"
    },
    {
        "日期": "2023年10月08日",
        "天气状况": "晴/晴",
        "最低气温/最高气温": "14℃/23℃",
        "风力风向(夜间/白天)": "南风1-3级/北风1-3级"
    },
    {
        "日期": "2023年10月09日",
        "天气状况": "晴/阴",
        "最低气温/最高气温": "10℃/24℃",
        "风力风向(夜间/白天)": "东北风1-3级/北风1-3级"
    },
    {
        "日期": "2023年10月10日",
        "天气状况": "晴/晴",
        "最低气温/最高气温": "11℃/23℃",
        "风力风向(夜间/白天)": "东南风1-3级/西南风1-3级"
    },
    {
        "日期": "2023年10月11日",
        "天气状况": "阴/阴",
        "最低气温/最高气温": "11℃/23℃",
        "风力风向(夜间/白天)": "东风1-3级/北风1-3级"
    },
    {
        "日期": "2023年10月12日",
        "天气状况": "阴/多云",
        "最低气温/最高气温": "13℃/22℃",
        "风力风向(夜间/白天)": "南风1-3级/南风1-3级"
    },
    {
        "日期": "2023年10月13日",
        "天气状况": "多云/晴",
        "最低气温/最高气温": "13℃/24℃",
        "风力风向(夜间/白天)": "南风1-3级/北风1-3级"
    },
    {
        "日期": "2023年10月14日",
        "天气状况": "晴/晴",
        "最低气温/最高气温": "10℃/26℃",
        "风力风向(夜间/白天)": "南风1-3级/西南风1-3级"
    },
    {
        "日期": "2023年10月15日",
        "天气状况": "晴/晴",
        "最低气温/最高气温": "11℃/29℃",
        "风力风向(夜间/白天)": "东北风3-4级/北风3-4级"
    },
    {
        "日期": "2023年10月16日",
        "天气状况": "晴/晴",
        "最低气温/最高气温": "12℃/24℃",
        "风力风向(夜间/白天)": "北风3-4级/西北风1-3级"
    },
    {
        "日期": "2023年10月17日",
        "天气状况": "多云/小雨",
        "最低气温/最高气温": "14℃/26℃",
        "风力风向(夜间/白天)": "南风3-4级/南风3-4级"
    },
    {
        "日期": "2023年10月18日",
        "天气状况": "阴/阴",
        "最低气温/最高气温": "16℃/25℃",
        "风力风向(夜间/白天)": "北风3-4级/北风3-4级"
    },
    {
        "日期": "2023年10月19日",
        "天气状况": "阴/晴",
        "最低气温/最高气温": "8℃/21℃",
        "风力风向(夜间/白天)": "北风3-4级/北风3-4级"
    },
    {
        "日期": "2023年10月20日",
        "天气状况": "晴/晴",
        "最低气温/最高气温": "7℃/19℃",
        "风力风向(夜间/白天)": "南风3-4级/南风1-3级"
    },
    {
        "日期": "2023年10月21日",
        "天气状况": "阴/晴",
        "最低气温/最高气温": "10℃/22℃",
        "风力风向(夜间/白天)": "南风1-3级/南风1-3级"
    },
    {
        "日期": "2023年10月22日",
        "天气状况": "晴/晴",
        "最低气温/最高气温": "12℃/25℃",
        "风力风向(夜间/白天)": "南风1-3级/南风3-4级"
    },
    {
        "日期": "2023年10月23日",
        "天气状况": "多云/晴",
        "最低气温/最高气温": "12℃/25℃",
        "风力风向(夜间/白天)": "南风3-4级/南风3-4级"
    },
    {
        "日期": "2023年10月24日",
        "天气状况": "多云/晴",
        "最低气温/最高气温": "12℃/28℃",
        "风力风向(夜间/白天)": "南风1-3级/西南风1-3级"
    },
    {
        "日期": "2023年10月25日",
        "天气状况": "多云/晴",
        "最低气温/最高气温": "13℃/29℃",
        "风力风向(夜间/白天)": "南风1-3级/北风3-4级"
    },
    {
        "日期": "2023年10月26日",
        "天气状况": "晴/晴",
        "最低气温/最高气温": "8℃/25℃",
        "风力风向(夜间/白天)": "北风4-5级/北风3-4级"
    },
    {
        "日期": "2023年10月27日",
        "天气状况": "多云/晴",
        "最低气温/最高气温": "12℃/25℃",
        "风力风向(夜间/白天)": "南风1-3级/西南风1-3级"
    },
    {
        "日期": "2023年10月28日",
        "天气状况": "晴/晴",
        "最低气温/最高气温": "13℃/26℃",
        "风力风向(夜间/白天)": "南风1-3级/南风1-3级"
    },
    {
        "日期": "2023年10月29日",
        "天气状况": "晴/晴",
        "最低气温/最高气温": "12℃/29℃",
        "风力风向(夜间/白天)": "西南风1-3级/西南风1-3级"
    },
    {
        "日期": "2023年10月30日",
        "天气状况": "晴/晴",
        "最低气温/最高气温": "13℃/28℃",
        "风力风向(夜间/白天)": "东南风1-3级/南风1-3级"
    },
    {
        "日期": "2023年10月31日",
        "天气状况": "晴/晴",
        "最低气温/最高气温": "14℃/29℃",
        "风力风向(夜间/白天)": "西南风1-3级/西南风1-3级"
    },
    {
        "日期": "2023年11月01日",
        "天气状况": "晴/晴",
        "最低气温/最高气温": "16℃/31℃",
        "风力风向(夜间/白天)": "南风1-3级/南风1-3级"
    },
    {
        "日期": "2023年11月02日",
        "天气状况": "晴/多云",
        "最低气温/最高气温": "13℃/29℃",
        "风力风向(夜间/白天)": "西南风3-4级/北风3-4级"
    },
    {
        "日期": "2023年11月03日",
        "天气状况": "阴/阴",
        "最低气温/最高气温": "7℃/18℃",
        "风力风向(夜间/白天)": "北风1-3级/南风1-3级"
    },
    {
        "日期": "2023年11月04日",
        "天气状况": "多云/小雨",
        "最低气温/最高气温": "11℃/21℃",
        "风力风向(夜间/白天)": "无持续风向1-3级/北风1-3级"
    },
    {
        "日期": "2023年11月05日",
        "天气状况": "小雨/晴",
        "最低气温/最高气温": "2℃/13℃",
        "风力风向(夜间/白天)": "无持续风向1-3级/西北风1-3级"
    },
    {
        "日期": "2023年11月06日",
        "天气状况": "晴/晴",
        "最低气温/最高气温": "3℃/15℃",
        "风力风向(夜间/白天)": "西南风1-3级/南风1-3级"
    },
    {
        "日期": "2023年11月07日",
        "天气状况": "晴/晴",
        "最低气温/最高气温": "7℃/18℃",
        "风力风向(夜间/白天)": "南风1-3级/南风1-3级"
    },
    {
        "日期": "2023年11月08日",
        "天气状况": "晴/多云",
        "最低气温/最高气温": "7℃/19℃",
        "风力风向(夜间/白天)": "无持续风向1-3级/北风3-4级"
    },
    {
        "日期": "2023年11月09日",
        "天气状况": "多云/晴",
        "最低气温/最高气温": "2℃/12℃",
        "风力风向(夜间/白天)": "北风3-4级/北风1-3级"
    },
    {
        "日期": "2023年11月10日",
        "天气状况": "阴/小雨",
        "最低气温/最高气温": "2℃/6℃",
        "风力风向(夜间/白天)": "北风1-3级/无持续风向1-3级"
    },
    {
        "日期": "2023年11月11日",
        "天气状况": "多云/晴",
        "最低气温/最高气温": "-3℃/6℃",
        "风力风向(夜间/白天)": "东北风1-3级/北风1-3级"
    },
    {
        "日期": "2023年11月12日",
        "天气状况": "晴/晴",
        "最低气温/最高气温": "-1℃/10℃",
        "风力风向(夜间/白天)": "东北风1-3级/南风1-3级"
    },
    {
        "日期": "2023年11月13日",
        "天气状况": "多云/晴",
        "最低气温/最高气温": "0℃/8℃",
        "风力风向(夜间/白天)": "南风1-3级/南风1-3级"
    },
    {
        "日期": "2023年11月14日",
        "天气状况": "晴/多云",
        "最低气温/最高气温": "2℃/12℃",
        "风力风向(夜间/白天)": "南风1-3级/南风1-3级"
    },
    {
        "日期": "2023年11月15日",
        "天气状况": "阴/晴",
        "最低气温/最高气温": "2℃/13℃",
        "风力风向(夜间/白天)": "南风1-3级/西北风1-3级"
    },
    {
        "日期": "2023年11月16日",
        "天气状况": "晴/晴",
        "最低气温/最高气温": "1℃/13℃",
        "风力风向(夜间/白天)": "西北风1-3级/西风1-3级"
    },
    {
        "日期": "2023年11月17日",
        "天气状况": "晴/晴",
        "最低气温/最高气温": "0℃/12℃",
        "风力风向(夜间/白天)": "东北风1-3级/南风1-3级"
    },
    {
        "日期": "2023年11月18日",
        "天气状况": "晴/晴",
        "最低气温/最高气温": "3℃/16℃",
        "风力风向(夜间/白天)": "南风3-4级/西南风1-3级"
    },
    {
        "日期": "2023年11月19日",
        "天气状况": "晴/晴",
        "最低气温/最高气温": "4℃/18℃",
        "风力风向(夜间/白天)": "东北风1-3级/无持续风向1-3级"
    },
    {
        "日期": "2023年11月20日",
        "天气状况": "晴/晴",
        "最低气温/最高气温": "5℃/16℃",
        "风力风向(夜间/白天)": "南风1-3级/南风1-3级"
    },
    {
        "日期": "2023年11月21日",
        "天气状况": "晴/多云",
        "最低气温/最高气温": "7℃/19℃",
        "风力风向(夜间/白天)": "南风1-3级/北风1-3级"
    },
    {
        "日期": "2023年11月22日",
        "天气状况": "晴/多云",
        "最低气温/最高气温": "5℃/19℃",
        "风力风向(夜间/白天)": "东南风1-3级/北风3-4级"
    },
    {
        "日期": "2023年11月23日",
        "天气状况": "晴/晴",
        "最低气温/最高气温": "-3℃/10℃",
        "风力风向(夜间/白天)": "北风3-4级/北风1-3级"
    },
    {
        "日期": "2023年11月24日",
        "天气状况": "晴/多云",
        "最低气温/最高气温": "-2℃/6℃",
        "风力风向(夜间/白天)": "东北风1-3级/北风1-3级"
    },
    {
        "日期": "2023年11月25日",
        "天气状况": "晴/多云",
        "最低气温/最高气温": "-2℃/8℃",
        "风力风向(夜间/白天)": "南风1-3级/南风1-3级"
    },
    {
        "日期": "2023年11月26日",
        "天气状况": "晴/晴",
        "最低气温/最高气温": "1℃/10℃",
        "风力风向(夜间/白天)": "南风1-3级/西南风1-3级"
    },
    {
        "日期": "2023年11月27日",
        "天气状况": "晴/晴",
        "最低气温/最高气温": "-2℃/18℃",
        "风力风向(夜间/白天)": "西北风3-4级/西北风1-3级"
    },
    {
        "日期": "2023年11月28日",
        "天气状况": "多云/阴",
        "最低气温/最高气温": "2℃/11℃",
        "风力风向(夜间/白天)": "南风1-3级/北风3-4级"
    },
    {
        "日期": "2023年11月29日",
        "天气状况": "多云/多云",
        "最低气温/最高气温": "-5℃/6℃",
        "风力风向(夜间/白天)": "北风3-4级/南风1-3级"
    },
    {
        "日期": "2023年11月30日",
        "天气状况": "多云/晴",
        "最低气温/最高气温": "-4℃/6℃",
        "风力风向(夜间/白天)": "南风1-3级/南风1-3级"
    },
    {
        "日期": "2023年12月01日",
        "天气状况": "晴/晴",
        "最低气温/最高气温": "-5℃/8℃",
        "风力风向(夜间/白天)": "南风1-3级/南风1-3级"
    },
    {
        "日期": "2023年12月02日",
        "天气状况": "晴/晴",
        "最低气温/最高气温": "-2℃/11℃",
        "风力风向(夜间/白天)": "东北风1-3级/北风1-3级"
    },
    {
        "日期": "2023年12月03日",
        "天气状况": "晴/晴",
        "最低气温/最高气温": "0℃/11℃",
        "风力风向(夜间/白天)": "南风3-4级/南风1-3级"
    },
    {
        "日期": "2023年12月04日",
        "天气状况": "晴/晴",
        "最低气温/最高气温": "0℃/14℃",
        "风力风向(夜间/白天)": "南风1-3级/北风1-3级"
    },
    {
        "日期": "2023年12月05日",
        "天气状况": "多云/多云",
        "最低气温/最高气温": "1℃/17℃",
        "风力风向(夜间/白天)": "西南风1-3级/北风1-3级"
    },
    {
        "日期": "2023年12月06日",
        "天气状况": "晴/晴",
        "最低气温/最高气温": "4℃/15℃",
        "风力风向(夜间/白天)": "西南风1-3级/西南风1-3级"
    },
    {
        "日期": "2023年12月07日",
        "天气状况": "晴/晴",
        "最低气温/最高气温": "7℃/21℃",
        "风力风向(夜间/白天)": "西南风1-3级/西南风1-3级"
    },
    {
        "日期": "2023年12月08日",
        "天气状况": "晴/多云",
        "最低气温/最高气温": "8℃/23℃",
        "风力风向(夜间/白天)": "南风1-3级/北风3-4级"
    },
    {
        "日期": "2023年12月09日",
        "天气状况": "晴/小雨",
        "最低气温/最高气温": "1℃/13℃",
        "风力风向(夜间/白天)": "北风4-5级/北风4-5级"
    },
    {
        "日期": "2023年12月10日",
        "天气状况": "雨夹雪/暴雪",
        "最低气温/最高气温": "-5℃/2℃",
        "风力风向(夜间/白天)": "北风4-5级/北风4-5级"
    },
    {
        "日期": "2023年12月11日",
        "天气状况": "阴/多云",
        "最低气温/最高气温": "-8℃/-1℃",
        "风力风向(夜间/白天)": "北风3-4级/北风1-3级"
    },
    {
        "日期": "2023年12月12日",
        "天气状况": "晴/阴",
        "最低气温/最高气温": "-6℃/2℃",
        "风力风向(夜间/白天)": "东风1-3级/北风1-3级"
    },
    {
        "日期": "2023年12月13日",
        "天气状况": "小雪/中雪",
        "最低气温/最高气温": "-1℃/1℃",
        "风力风向(夜间/白天)": "无持续风向1-3级/北风3-4级"
    },
    {
        "日期": "2023年12月14日",
        "天气状况": "暴雪/中雪",
        "最低气温/最高气温": "-5℃/0℃",
        "风力风向(夜间/白天)": "北风3-4级/北风3-4级"
    },
    {
        "日期": "2023年12月15日",
        "天气状况": "阴/晴",
        "最低气温/最高气温": "-12℃/-1℃",
        "风力风向(夜间/白天)": "北风1-3级/西北风1-3级"
    },
    {
        "日期": "2023年12月16日",
        "天气状况": "晴/晴",
        "最低气温/最高气温": "-14℃/-3℃",
        "风力风向(夜间/白天)": "东风1-3级/南风1-3级"
    },
    {
        "日期": "2023年12月17日",
        "天气状况": "多云/多云",
        "最低气温/最高气温": "-11℃/-2℃",
        "风力风向(夜间/白天)": "南风1-3级/南风1-3级"
    },
    {
        "日期": "2023年12月18日",
        "天气状况": "阴/多云",
        "最低气温/最高气温": "-7℃/1℃",
        "风力风向(夜间/白天)": "南风1-3级/无持续风向1-3级"
    },
    {
        "日期": "2023年12月19日",
        "天气状况": "晴/多云",
        "最低气温/最高气温": "-9℃/0℃",
        "风力风向(夜间/白天)": "北风1-3级/东北风1-3级"
    },
    {
        "日期": "2023年12月20日",
        "天气状况": "晴/晴",
        "最低气温/最高气温": "-15℃/-3℃",
        "风力风向(夜间/白天)": "东风1-3级/北风1-3级"
    },
    {
        "日期": "2023年12月21日",
        "天气状况": "晴/晴",
        "最低气温/最高气温": "-13℃/-5℃",
        "风力风向(夜间/白天)": "南风1-3级/南风1-3级"
    },
    {
        "日期": "2023年12月22日",
        "天气状况": "多云/多云",
        "最低气温/最高气温": "-10℃/-1℃",
        "风力风向(夜间/白天)": "南风1-3级/南风1-3级"
    },
    {
        "日期": "2023年12月23日",
        "天气状况": "多云/晴",
        "最低气温/最高气温": "-11℃/0℃",
        "风力风向(夜间/白天)": "东北风1-3级/西南风1-3级"
    },
    {
        "日期": "2023年12月24日",
        "天气状况": "晴/晴",
        "最低气温/最高气温": "-9℃/1℃",
        "风力风向(夜间/白天)": "南风1-3级/南风1-3级"
    },
    {
        "日期": "2023年12月25日",
        "天气状况": "晴/多云",
        "最低气温/最高气温": "-5℃/3℃",
        "风力风向(夜间/白天)": "南风1-3级/南风1-3级"
    },
    {
        "日期": "2023年12月26日",
        "天气状况": "晴/多云",
        "最低气温/最高气温": "-5℃/3℃",
        "风力风向(夜间/白天)": "北风1-3级/北风1-3级"
    },
    {
        "日期": "2023年12月27日",
        "天气状况": "晴/晴",
        "最低气温/最高气温": "-6℃/3℃",
        "风力风向(夜间/白天)": "北风1-3级/北风1-3级"
    },
    {
        "日期": "2023年12月28日",
        "天气状况": "晴/雨夹雪",
        "最低气温/最高气温": "-5℃/4℃",
        "风力风向(夜间/白天)": "东南风1-3级/南风1-3级"
    },
    {
        "日期": "2023年12月29日",
        "天气状况": "雨夹雪/多云",
        "最低气温/最高气温": "-4℃/5℃",
        "风力风向(夜间/白天)": "南风1-3级/南风1-3级"
    },
    {
        "日期": "2023年12月30日",
        "天气状况": "多云/晴",
        "最低气温/最高气温": "-4℃/9℃",
        "风力风向(夜间/白天)": "北风1-3级/北风1-3级"
    },
    {
        "日期": "2023年12月31日",
        "天气状况": "晴/晴",
        "最低气温/最高气温": "-7℃/6℃",
        "风力风向(夜间/白天)": "东北风1-3级/南风1-3级"
    }
]